fila_modelado,articulo_id,evaluacion_id,conjunto
0,1,1,entrenamiento
1,1,2,entrenamiento
2,1,3,entrenamiento
3,2,1,entrenamiento
4,2,3,entrenamiento
5,3,1,entrenamiento
6,4,1,entrenamiento
7,4,2,entrenamiento
8,5,1,entrenamiento
9,5,2,entrenamiento
10,5,3,entrenamiento
11,6,1,entrenamiento
12,6,2,entrenamiento
13,6,3,entrenamiento
14,7,1,prueba
15,7,2,prueba
16,9,1,entrenamiento
17,9,2,entrenamiento
18,10,1,entrenamiento
19,10,2,entrenamiento
20,11,1,entrenamiento
21,11,2,entrenamiento
22,11,3,entrenamiento
23,12,1,entrenamiento
24,12,3,entrenamiento
25,13,1,entrenamiento
26,13,2,entrenamiento
27,14,1,entrenamiento
28,14,2,entrenamiento
29,14,3,entrenamiento
30,15,1,prueba
31,15,2,prueba
32,15,3,prueba
33,16,2,prueba
34,17,1,entrenamiento
35,17,2,entrenamiento
36,17,3,entrenamiento
37,18,2,prueba
38,18,3,prueba
39,19,2,entrenamiento
40,19,3,entrenamiento
41,20,1,entrenamiento
42,20,2,entrenamiento
43,20,3,entrenamiento
44,21,1,prueba
45,21,2,prueba
46,21,3,prueba
47,22,1,entrenamiento
48,22,2,entrenamiento
49,22,3,entrenamiento
50,23,1,prueba
51,23,2,prueba
52,24,1,entrenamiento
53,24,2,entrenamiento
54,25,1,prueba
55,25,2,prueba
56,25,3,prueba
57,26,2,entrenamiento
58,26,3,entrenamiento
59,27,2,entrenamiento
60,28,1,entrenamiento
61,28,2,entrenamiento
62,28,3,entrenamiento
63,29,1,entrenamiento
64,29,2,entrenamiento
65,29,3,entrenamiento
66,30,2,entrenamiento
67,30,3,entrenamiento
68,31,1,entrenamiento
69,31,2,entrenamiento
70,31,3,entrenamiento
71,32,1,entrenamiento
72,32,2,entrenamiento
73,32,3,entrenamiento
74,33,1,entrenamiento
75,34,1,entrenamiento
76,34,2,entrenamiento
77,35,1,entrenamiento
78,35,2,entrenamiento
79,35,3,entrenamiento
80,36,1,entrenamiento
81,36,2,entrenamiento
82,37,1,entrenamiento
83,37,2,entrenamiento
84,37,3,entrenamiento
85,38,2,prueba
86,39,1,entrenamiento
87,39,2,entrenamiento
88,39,3,entrenamiento
89,40,1,entrenamiento
90,40,2,entrenamiento
91,40,3,entrenamiento
92,41,2,prueba
93,41,3,prueba
94,42,1,entrenamiento
95,42,2,entrenamiento
96,42,3,entrenamiento
97,43,1,entrenamiento
98,43,2,entrenamiento
99,43,3,entrenamiento
100,44,1,entrenamiento
101,44,2,entrenamiento
102,45,1,entrenamiento
103,46,1,entrenamiento
104,47,1,prueba
105,47,2,prueba
106,47,3,prueba
107,48,1,prueba
108,49,1,entrenamiento
109,49,2,entrenamiento
110,50,1,entrenamiento
111,50,2,entrenamiento
112,50,3,entrenamiento
113,50,4,entrenamiento
114,52,1,prueba
115,53,1,entrenamiento
116,53,2,entrenamiento
117,53,3,entrenamiento
118,54,1,entrenamiento
119,55,1,entrenamiento
120,55,2,entrenamiento
121,55,3,entrenamiento
122,55,4,entrenamiento
123,56,1,entrenamiento
124,56,2,entrenamiento
125,57,1,entrenamiento
126,57,2,entrenamiento
127,57,3,entrenamiento
128,58,1,entrenamiento
129,59,1,entrenamiento
130,59,2,entrenamiento
131,60,1,entrenamiento
132,62,1,prueba
133,63,1,entrenamiento
134,64,1,entrenamiento
135,65,1,entrenamiento
136,66,1,entrenamiento
137,67,1,entrenamiento
138,67,2,entrenamiento
139,67,3,entrenamiento
140,68,1,entrenamiento
141,69,2,prueba
142,70,1,prueba
143,71,1,prueba
144,72,1,entrenamiento
145,73,1,entrenamiento
146,73,2,entrenamiento
147,73,3,entrenamiento
148,74,1,entrenamiento
149,74,2,entrenamiento
150,75,1,entrenamiento
151,75,2,entrenamiento
152,76,1,entrenamiento
153,76,2,entrenamiento
154,76,3,entrenamiento
155,77,1,entrenamiento
156,78,1,entrenamiento
157,79,1,entrenamiento
158,79,2,entrenamiento
159,80,1,entrenamiento
160,80,2,entrenamiento
161,80,3,entrenamiento
162,80,4,entrenamiento
163,81,1,prueba
164,81,2,prueba
165,82,1,entrenamiento
166,83,1,prueba
167,84,1,entrenamiento
168,85,1,prueba
169,85,2,prueba
170,85,3,prueba
171,86,1,prueba
172,86,2,prueba
173,87,1,prueba
174,87,2,prueba
175,88,1,entrenamiento
176,88,2,entrenamiento
177,89,1,entrenamiento
178,89,2,entrenamiento
179,90,1,entrenamiento
180,90,2,entrenamiento
181,91,1,entrenamiento
182,91,2,entrenamiento
183,91,3,entrenamiento
184,92,1,entrenamiento
185,92,2,entrenamiento
186,92,3,entrenamiento
187,92,4,entrenamiento
188,93,1,entrenamiento
189,93,2,entrenamiento
190,93,3,entrenamiento
191,94,1,entrenamiento
192,94,2,entrenamiento
193,94,3,entrenamiento
194,95,1,entrenamiento
195,95,2,entrenamiento
196,95,3,entrenamiento
197,96,1,entrenamiento
198,96,2,entrenamiento
199,96,3,entrenamiento
200,97,1,prueba
201,97,2,prueba
202,97,3,prueba
203,98,1,entrenamiento
204,98,2,entrenamiento
205,98,3,entrenamiento
206,99,1,entrenamiento
207,99,2,entrenamiento
208,99,3,entrenamiento
209,100,1,entrenamiento
210,100,2,entrenamiento
211,100,3,entrenamiento
212,101,1,entrenamiento
213,101,2,entrenamiento
214,101,3,entrenamiento
215,102,1,entrenamiento
216,102,2,entrenamiento
217,102,3,entrenamiento
218,102,4,entrenamiento
219,103,1,entrenamiento
220,103,2,entrenamiento
221,103,3,entrenamiento
222,104,1,entrenamiento
223,104,2,entrenamiento
224,104,3,entrenamiento
225,106,1,entrenamiento
226,106,2,entrenamiento
227,106,3,entrenamiento
228,107,1,prueba
229,107,2,prueba
230,107,3,prueba
231,108,1,prueba
232,108,2,prueba
233,108,3,prueba
234,109,1,entrenamiento
235,109,2,entrenamiento
236,109,3,entrenamiento
237,110,1,entrenamiento
238,110,2,entrenamiento
239,110,3,entrenamiento
240,111,1,entrenamiento
241,111,2,entrenamiento
242,111,3,entrenamiento
243,112,1,entrenamiento
244,112,2,entrenamiento
245,112,3,entrenamiento
246,112,4,entrenamiento
247,113,1,entrenamiento
248,113,2,entrenamiento
249,113,3,entrenamiento
250,114,1,entrenamiento
251,114,2,entrenamiento
252,114,3,entrenamiento
253,115,1,entrenamiento
254,115,2,entrenamiento
255,116,1,entrenamiento
256,116,2,entrenamiento
257,116,3,entrenamiento
258,117,1,entrenamiento
259,117,2,entrenamiento
260,117,3,entrenamiento
261,118,1,entrenamiento
262,118,2,entrenamiento
263,118,3,entrenamiento
264,119,1,entrenamiento
265,119,2,entrenamiento
266,120,1,entrenamiento
267,120,2,entrenamiento
268,120,3,entrenamiento
269,121,1,prueba
270,121,2,prueba
271,122,1,prueba
272,122,2,prueba
273,122,3,prueba
274,123,1,entrenamiento
275,123,2,entrenamiento
276,123,3,entrenamiento
277,124,1,entrenamiento
278,124,2,entrenamiento
279,124,3,entrenamiento
280,125,1,entrenamiento
281,125,2,entrenamiento
282,125,3,entrenamiento
283,126,1,prueba
284,126,2,prueba
285,126,3,prueba
286,127,1,entrenamiento
287,127,2,entrenamiento
288,127,3,entrenamiento
289,128,1,prueba
290,128,2,prueba
291,128,4,prueba
292,129,1,prueba
293,129,2,prueba
294,129,3,prueba
295,129,4,prueba
296,130,1,entrenamiento
297,130,2,entrenamiento
298,130,3,entrenamiento
299,130,4,entrenamiento
300,131,1,entrenamiento
301,131,2,entrenamiento
302,131,3,entrenamiento
303,132,1,entrenamiento
304,132,2,entrenamiento
305,132,3,entrenamiento
306,133,1,entrenamiento
307,133,2,entrenamiento
308,134,1,entrenamiento
309,134,2,entrenamiento
310,135,1,entrenamiento
311,135,2,entrenamiento
312,136,1,prueba
313,136,2,prueba
314,137,1,entrenamiento
315,137,2,entrenamiento
316,138,1,entrenamiento
317,138,2,entrenamiento
318,139,1,entrenamiento
319,139,2,entrenamiento
320,140,1,prueba
321,140,2,prueba
322,141,1,entrenamiento
323,141,2,entrenamiento
324,142,1,entrenamiento
325,142,2,entrenamiento
326,143,1,entrenamiento
327,143,2,entrenamiento
328,144,1,entrenamiento
329,144,2,entrenamiento
330,145,1,entrenamiento
331,145,2,entrenamiento
332,146,1,entrenamiento
333,146,2,entrenamiento
334,147,1,entrenamiento
335,147,2,entrenamiento
336,148,1,entrenamiento
337,149,1,entrenamiento
338,149,2,entrenamiento
339,150,1,entrenamiento
340,150,2,entrenamiento
341,151,1,entrenamiento
342,151,2,entrenamiento
343,152,1,prueba
344,152,2,prueba
345,153,1,prueba
346,154,2,entrenamiento
347,155,1,entrenamiento
348,155,2,entrenamiento
349,156,1,entrenamiento
350,156,2,entrenamiento
351,157,1,entrenamiento
352,157,2,entrenamiento
353,158,1,entrenamiento
354,158,2,entrenamiento
355,159,1,entrenamiento
356,159,2,entrenamiento
357,160,1,entrenamiento
358,160,2,entrenamiento
359,161,1,prueba
360,161,2,prueba
361,162,1,entrenamiento
362,163,1,prueba
363,163,2,prueba
364,164,1,entrenamiento
365,164,2,entrenamiento
366,165,1,entrenamiento
367,165,2,entrenamiento
368,166,1,entrenamiento
369,166,2,entrenamiento
370,167,1,entrenamiento
371,167,2,entrenamiento
372,167,3,entrenamiento
373,168,1,entrenamiento
374,168,2,entrenamiento
375,169,1,prueba
376,169,2,prueba
377,170,1,entrenamiento
378,170,2,entrenamiento
379,171,1,entrenamiento
380,171,2,entrenamiento
381,172,1,entrenamiento
