fila_modelado,real,predicho,articulo_id,evaluacion_id
14,negativo,neutral,7,1
15,neutral,positivo,7,2
30,neutral,negativo,15,1
31,negativo,neutral,15,2
32,negativo,negativo,15,3
33,neutral,positivo,16,2
37,negativo,negativo,18,2
38,negativo,negativo,18,3
44,positivo,negativo,21,1
45,negativo,neutral,21,2
46,positivo,positivo,21,3
50,neutral,positivo,23,1
51,neutral,negativo,23,2
54,positivo,negativo,25,1
55,negativo,negativo,25,2
56,neutral,positivo,25,3
85,positivo,negativo,38,2
92,negativo,negativo,41,2
93,neutral,positivo,41,3
104,negativo,neutral,47,1
105,negativo,positivo,47,2
106,positivo,positivo,47,3
107,positivo,negativo,48,1
114,positivo,positivo,52,1
132,positivo,neutral,62,1
141,negativo,negativo,69,2
142,positivo,positivo,70,1
143,negativo,negativo,71,1
163,negativo,negativo,81,1
164,negativo,positivo,81,2
166,positivo,neutral,83,1
168,negativo,negativo,85,1
169,negativo,negativo,85,2
170,negativo,negativo,85,3
171,neutral,negativo,86,1
172,positivo,neutral,86,2
173,positivo,neutral,87,1
174,positivo,positivo,87,2
200,negativo,negativo,97,1
201,negativo,negativo,97,2
202,neutral,neutral,97,3
228,negativo,negativo,107,1
229,neutral,negativo,107,2
230,negativo,negativo,107,3
231,negativo,negativo,108,1
232,negativo,negativo,108,2
233,negativo,negativo,108,3
269,neutral,positivo,121,1
270,negativo,neutral,121,2
271,positivo,positivo,122,1
272,neutral,negativo,122,2
273,positivo,positivo,122,3
283,neutral,negativo,126,1
284,positivo,negativo,126,2
285,positivo,positivo,126,3
289,negativo,negativo,128,1
290,neutral,negativo,128,2
291,neutral,negativo,128,4
292,negativo,neutral,129,1
293,negativo,negativo,129,2
294,negativo,negativo,129,3
295,negativo,negativo,129,4
312,neutral,negativo,136,1
313,negativo,negativo,136,2
320,negativo,negativo,140,1
321,negativo,negativo,140,2
343,neutral,negativo,152,1
344,positivo,negativo,152,2
345,neutral,negativo,153,1
359,positivo,negativo,161,1
360,positivo,positivo,161,2
362,positivo,neutral,163,1
363,neutral,negativo,163,2
375,neutral,negativo,169,1
376,neutral,positivo,169,2
